{
  "random_stable": {
    "spectral_radius": 0.9500000000000024,
    "final_median_drift": {
      "I1: ||h||^2": 0.2888073107426,
      "I2: h^T P h": 0.4421701518976099,
      "I3: I2 + cum||u||^2": 3.608014814317107,
      "I4: I2 + passivity": 157.40360229399005,
      "I5: framework (a+b)^2-M^2": 0.013118807017504952,
      "I6: log-additive": 2.7108538711480684e-16
    },
    "final_max_drift": {
      "I1: ||h||^2": 1.102610734583,
      "I2: h^T P h": 0.8531964881825845,
      "I3: I2 + cum||u||^2": 9.61157882623335,
      "I4: I2 + passivity": 384.78197007654774,
      "I5: framework (a+b)^2-M^2": 0.2088481436810654,
      "I6: log-additive": 1.297056434622043e-15
    }
  },
  "near_orthogonal": {
    "spectral_radius": 0.9990000000000022,
    "final_median_drift": {
      "I1: ||h||^2": 48.013138242466496,
      "I2: h^T P h": 48.01313824246685,
      "I3: I2 + cum||u||^2": 48.06196935271768,
      "I4: I2 + passivity": 55.07505871466383,
      "I5: framework (a+b)^2-M^2": 11.722467958831782,
      "I6: log-additive": 1.074533954110436e-15
    },
    "final_max_drift": {
      "I1: ||h||^2": 72.63396669264155,
      "I2: h^T P h": 72.63396669263776,
      "I3: I2 + cum||u||^2": 72.70780782015079,
      "I4: I2 + passivity": 92.3518617746221,
      "I5: framework (a+b)^2-M^2": 17.87823376057077,
      "I6: log-additive": 4.084572777008756e-15
    }
  },
  "hippo_real": {
    "spectral_radius": 0.9984627212868363,
    "final_median_drift": {
      "I1: ||h||^2": 12.659942009097994,
      "I2: h^T P h": 15.61871805335483,
      "I3: I2 + cum||u||^2": 15.736283417103804,
      "I4: I2 + passivity": 63.62590102392048,
      "I5: framework (a+b)^2-M^2": 2.922332022241051,
      "I6: log-additive": 7.414048057820143e-16
    },
    "final_max_drift": {
      "I1: ||h||^2": 27.719846940040465,
      "I2: h^T P h": 39.44101213480968,
      "I3: I2 + cum||u||^2": 39.64695229620587,
      "I4: I2 + passivity": 118.4479911913138,
      "I5: framework (a+b)^2-M^2": 6.683563833023918,
      "I6: log-additive": 1.6459247891815364e-15
    }
  },
  "complex_diag": {
    "spectral_radius": 0.9437499999999999,
    "final_median_drift": {
      "I1: ||h||^2": 0.637234181333176,
      "I2: h^T P h": 0.5980620983649813,
      "I3: I2 + cum||u||^2": 3.6433512983761895,
      "I4: I2 + passivity": 89.56257682376346,
      "I5: framework (a+b)^2-M^2": 0.24087468187781047,
      "I6: log-additive": 3.6638811284706366e-16
    },
    "final_max_drift": {
      "I1: ||h||^2": 0.8250173535321959,
      "I2: h^T P h": 0.8330388295401103,
      "I3: I2 + cum||u||^2": 6.319460302830941,
      "I4: I2 + passivity": 142.04281622115127,
      "I5: framework (a+b)^2-M^2": 0.9673508494793004,
      "I6: log-additive": 1.2952073336700068e-15
    }
  },
  "marginal": {
    "spectral_radius": 0.9990000000000019,
    "final_median_drift": {
      "I1: ||h||^2": 3.640678872631165,
      "I2: h^T P h": 17.223696855548603,
      "I3: I2 + cum||u||^2": 17.615608514073337,
      "I4: I2 + passivity": 76.79188132045162,
      "I5: framework (a+b)^2-M^2": 0.6968862309641687,
      "I6: log-additive": 5.355691392807055e-16
    },
    "final_max_drift": {
      "I1: ||h||^2": 13.466491035268122,
      "I2: h^T P h": 389.3865540225359,
      "I3: I2 + cum||u||^2": 390.9711914703812,
      "I4: I2 + passivity": 523.5653162427625,
      "I5: framework (a+b)^2-M^2": 3.1070534244808075,
      "I6: log-additive": 2.4805366846397506e-15
    }
  }
}