{
  "model": "state-spaces/mamba-130m-hf",
  "device": "cuda",
  "n_prompts": 5,
  "layers_tested": [
    0,
    6,
    12,
    18,
    23
  ],
  "within_prompt_summary": {
    "0": {
      "by_lambda": {
        "0.0001": {
          "train_mean": 0.007677462670423962,
          "test_mean": 0.013938137866251069,
          "test_std": 0.007169679805307451,
          "trivial_mean": 1.2611151218414307,
          "vs_trivial_ratio_mean": 0.011206955339617328,
          "effective_rank_nuclear_mean": 15.096360708846117
        },
        "0.001": {
          "train_mean": 0.017615492384118116,
          "test_mean": 0.025462671360062094,
          "test_std": 0.012087095998753806,
          "trivial_mean": 1.2611151218414307,
          "vs_trivial_ratio_mean": 0.020481756462688412,
          "effective_rank_nuclear_mean": 17.61805893065278
        },
        "0.01": {
          "train_mean": 0.03439852890663412,
          "test_mean": 0.042189691172018276,
          "test_std": 0.024167840197084605,
          "trivial_mean": 1.2611151218414307,
          "vs_trivial_ratio_mean": 0.03402827431762482,
          "effective_rank_nuclear_mean": 17.65186751294983
        },
        "0.1": {
          "train_mean": 0.058230000610773006,
          "test_mean": 0.06322563197105896,
          "test_std": 0.04427335130797361,
          "trivial_mean": 1.2611151218414307,
          "vs_trivial_ratio_mean": 0.0510375338172717,
          "effective_rank_nuclear_mean": 19.882540938763082
        },
        "1.0": {
          "train_mean": 0.18010996741709068,
          "test_mean": 0.1792996169408538,
          "test_std": 0.07356553389296842,
          "trivial_mean": 1.2611151218414307,
          "vs_trivial_ratio_mean": 0.14365056993196804,
          "effective_rank_nuclear_mean": 26.259789496581725
        },
        "10.0": {
          "train_mean": 0.527652565700844,
          "test_mean": 0.5307168512699212,
          "test_std": 0.030397211594886422,
          "trivial_mean": 1.2611151218414307,
          "vs_trivial_ratio_mean": 0.42168933259422703,
          "effective_rank_nuclear_mean": 22.810425281191673
        }
      },
      "I5_drift_mean": 0.5733864381738469,
      "I5_drift_std": 0.0713141077890161,
      "best_lambda": 0.0001
    },
    "6": {
      "by_lambda": {
        "0.0001": {
          "train_mean": 0.0063245319313732186,
          "test_mean": 0.016344590226050764,
          "test_std": 0.004827218851007312,
          "trivial_mean": 0.9329835057258606,
          "vs_trivial_ratio_mean": 0.017399754367980868,
          "effective_rank_nuclear_mean": 21.538006058290897
        },
        "0.001": {
          "train_mean": 0.016163692975338706,
          "test_mean": 0.03027399650987696,
          "test_std": 0.006250439567526865,
          "trivial_mean": 0.9329835057258606,
          "vs_trivial_ratio_mean": 0.032323061910698545,
          "effective_rank_nuclear_mean": 22.960262533125963
        },
        "0.01": {
          "train_mean": 0.03767460719647929,
          "test_mean": 0.054594279528925,
          "test_std": 0.007449772684804932,
          "trivial_mean": 0.9329835057258606,
          "vs_trivial_ratio_mean": 0.05842638458342364,
          "effective_rank_nuclear_mean": 23.97522689509437
        },
        "0.1": {
          "train_mean": 0.07811780404001864,
          "test_mean": 0.09268429169906489,
          "test_std": 0.017750109096639655,
          "trivial_mean": 0.9329835057258606,
          "vs_trivial_ratio_mean": 0.09902708636656536,
          "effective_rank_nuclear_mean": 23.265570908761795
        },
        "1.0": {
          "train_mean": 0.2185543499547009,
          "test_mean": 0.21635212241917898,
          "test_std": 0.04250791748916182,
          "trivial_mean": 0.9329835057258606,
          "vs_trivial_ratio_mean": 0.2312139131086742,
          "effective_rank_nuclear_mean": 21.92009625229474
        },
        "10.0": {
          "train_mean": 0.5204668193689522,
          "test_mean": 0.5174794600660173,
          "test_std": 0.01399491803721703,
          "trivial_mean": 0.9329835057258606,
          "vs_trivial_ratio_mean": 0.5551052280912829,
          "effective_rank_nuclear_mean": 13.737172159015845
        }
      },
      "I5_drift_mean": 0.8848194788419846,
      "I5_drift_std": 0.23295289399440602,
      "best_lambda": 0.0001
    },
    "12": {
      "by_lambda": {
        "0.0001": {
          "train_mean": 0.006339130207532897,
          "test_mean": 0.019232211706038123,
          "test_std": 0.004449239246887127,
          "trivial_mean": 0.7304144978523255,
          "vs_trivial_ratio_mean": 0.026424186133455735,
          "effective_rank_nuclear_mean": 27.120450384710956
        },
        "0.001": {
          "train_mean": 0.016719317116402205,
          "test_mean": 0.03277512917495827,
          "test_std": 0.0058491368542030395,
          "trivial_mean": 0.7304144978523255,
          "vs_trivial_ratio_mean": 0.045099106229723906,
          "effective_rank_nuclear_mean": 29.392344647805903
        },
        "0.01": {
          "train_mean": 0.040286418856068276,
          "test_mean": 0.057412637716449756,
          "test_std": 0.008904018258808929,
          "trivial_mean": 0.7304144978523255,
          "vs_trivial_ratio_mean": 0.07894552183919719,
          "effective_rank_nuclear_mean": 33.078420059700186
        },
        "0.1": {
          "train_mean": 0.08835242595440998,
          "test_mean": 0.10286175243765375,
          "test_std": 0.012800154241516882,
          "trivial_mean": 0.7304144978523255,
          "vs_trivial_ratio_mean": 0.14100529034844897,
          "effective_rank_nuclear_mean": 28.301445050286095
        },
        "1.0": {
          "train_mean": 0.23179576767444404,
          "test_mean": 0.22801048756562503,
          "test_std": 0.020286071046295342,
          "trivial_mean": 0.7304144978523255,
          "vs_trivial_ratio_mean": 0.3130331985165401,
          "effective_rank_nuclear_mean": 21.79107761453769
        },
        "10.0": {
          "train_mean": 0.46600945688045686,
          "test_mean": 0.4519157485687245,
          "test_std": 0.011316830202360427,
          "trivial_mean": 0.7304144978523255,
          "vs_trivial_ratio_mean": 0.619980445153493,
          "effective_rank_nuclear_mean": 12.135941398619222
        }
      },
      "I5_drift_mean": 0.41407230399717065,
      "I5_drift_std": 0.11082614987157878,
      "best_lambda": 0.0001
    },
    "18": {
      "by_lambda": {
        "0.0001": {
          "train_mean": 0.0088825668415644,
          "test_mean": 0.040635321907440354,
          "test_std": 0.016168940617876073,
          "trivial_mean": 0.8006013751029968,
          "vs_trivial_ratio_mean": 0.05068924525852229,
          "effective_rank_nuclear_mean": 36.33009215506176
        },
        "0.001": {
          "train_mean": 0.02509398059161331,
          "test_mean": 0.06684818023460773,
          "test_std": 0.02036319601639507,
          "trivial_mean": 0.8006013751029968,
          "vs_trivial_ratio_mean": 0.08344092552469841,
          "effective_rank_nuclear_mean": 37.34818284699907
        },
        "0.01": {
          "train_mean": 0.06172287008451016,
          "test_mean": 0.10369531264654581,
          "test_std": 0.017673292322151382,
          "trivial_mean": 0.8006013751029968,
          "vs_trivial_ratio_mean": 0.12948120820681516,
          "effective_rank_nuclear_mean": 37.222166282546176
        },
        "0.1": {
          "train_mean": 0.13590658274341266,
          "test_mean": 0.15908655184958134,
          "test_std": 0.020175460655002097,
          "trivial_mean": 0.8006013751029968,
          "vs_trivial_ratio_mean": 0.19864502006743817,
          "effective_rank_nuclear_mean": 30.778793245498882
        },
        "1.0": {
          "train_mean": 0.29707964666079484,
          "test_mean": 0.29198488597795674,
          "test_std": 0.036921618201120526,