{
  "rope2d": {
    "train": {
      "step": [
        0,
        50,
        100,
        150,
        200,
        250,
        300,
        350,
        400,
        450,
        500,
        550,
        600,
        650,
        700,
        750,
        800,
        850,
        900,
        950,
        1000,
        1050,
        1100,
        1150,
        1200,
        1250,
        1300,
        1350,
        1400,
        1450,
        1500,
        1550,
        1600,
        1650,
        1700,
        1750,
        1800,
        1850,
        1900,
        1950,
        2000,
        2050,
        2100,
        2150,
        2200,
        2250,
        2300,
        2350,
        2400,
        2450,
        2500,
        2550,
        2600,
        2650,
        2700,
        2750,
        2800,
        2850,
        2900,
        2950,
        3000,
        3050,
        3100,
        3150,
        3200,
        3250,
        3300,
        3350,
        3400,
        3450,
        3500,
        3550,
        3600,
        3650,
        3700,
        3750,
        3800,
        3850,
        3900,
        3950,
        4000
      ],
      "train_loss": [
        192.86451721191406,
        3.4837372303009033,
        2.1105659008026123,
        6.796645175199956e-05,
        4.404465926199919e-06,
        9.259625812774175e-07,
        3.523303746533202e-07,
        1.531442137547856e-07,
        4.429602640243502e-08,
        2.753194294768946e-08,
        4.249158802593911e-09,
        4.074535819853509e-09,
        1.4551914118143827e-09,
        4.249158802593911e-09,
        9.313225191043273e-10,
        1.1641531488804091e-10,
        5.8207657444020455e-11,
        5.8207657444020455e-11,
        0.0,
        5.8207657444020455e-11,
        0.0,
        0.0,
        0.0,
        0.0,
        0.0,
        0.0,
        0.0,
        0.0,
        0.0,
        0.0,
        0.0,
        0.0,
        0.0,
        0.0,
        0.0,
        0.0,
        0.0,
        0.0,
        0.0,
        0.0,
        0.0,
        0.0,
        0.0,
        0.0,
        0.0,
        0.0,
        0.0,
        0.0,
        0.0,
        0.0,
        0.0,
        0.0,
        0.0,
        0.0,
        0.0,
        0.0,
        0.0,
        0.0,
        0.0,
        0.0,
        0.0,
        0.0,
        0.0,
        0.0,
        0.0,
        0.0,
        0.0,
        0.0,
        0.0,
        0.0,
        0.0,
        0.0,
        0.0,
        0.0,
        0.0,
        0.0,
        0.0,
        0.0,
        0.0,
        0.0,
        0.0
      ]
    },
    "eval": {
      "L=32": {
        "step": [
          0,
          200,
          400,
          600,
          800,
          1000,
          1200,
          1400,
          1600,
          1800,
          2000,
          2200,
          2400,
          2600,
          2800,
          3000,
          3200,
          3400,
          3600,
          3800,
          4000
        ],
        "loss": [
          178.49363708496094,
          5.878506726730848e-06,
          4.725006164107981e-08,
          2.9976943149989665e-09,
          1.4551914361005114e-11,
          0.0,
          0.0,
          0.0,
          0.0,
          1.4551914361005114e-11,
          1.4551914361005114e-11,
          0.0,
          0.0,
          0.0,
          1.4551914361005114e-11,
          0.0,
          0.0,
          0.0,
          0.0,
          0.0,
          0.0
        ],
        "acc": [
          0.0328369140625,
          1.0,
          1.0,
          1.0,
          1.0,
          1.0,
          1.0,
          1.0,
          1.0,
          1.0,
          1.0,
          1.0,
          1.0,
          1.0,
          1.0,
          1.0,
          1.0,
          1.0,
          1.0,
          1.0,
          1.0
        ]
      },
      "L=64": {
        "step": [
          0,
          200,
          400,
          600,
          800,
          1000,
          1200,
          1400,
          1600,
          1800,
          2000,
          2200,
          2400,
          2600,
          2800,
          3000,
          3200,
          3400,
          3600,
          3800,
          4000
        ],
        "loss": [
          179.6506233215332,
          24.817662715911865,
          28.78424644470215,
          29.06452989578247,
          29.50128698348999,
          33.11315631866455,
          34.76223945617676,
          35.6344690322876,
          36.828810691833496,
          37.11098670959473,
          37.44575119018555,
          37.68683910369873,
          38.28572940826416,
          38.13493537902832,
          38.67637634277344,
          38.64804267883301,
          38.79341220855713,
          39.18992328643799,
          39.2200984954834,
          39.265265464782715,
          39.73859119415283
        ],
        "acc": [
          0.0321044921875,
          0.034423828125,
          0.03466796875,
          0.03485107421875,
          0.03497314453125,
          0.0325927734375,
          0.0335693359375,
          0.03369140625,
          0.0303955078125,
          0.0330810546875,
          0.03448486328125,
          0.0350341796875,
          0.0333251953125,
          0.03369140625,
          0.03228759765625,
          0.03369140625,
          0.0328369140625,
          0.034912109375,
          0.0338134765625,
          0.03448486328125,
          0.0311279296875
        ]
      },
      "L=96": {
        "step": [
          0,
          200,
          400,
          600,
          800,
          1000,
          1200,
          1400,
          1600,
          1800,
          2000,
          2200,
          2400,
          2600,
          2800,
          3000,
          3200,
          3400,
          3600,
          3800,
          4000
        ],
        "loss": [
          179.55210876464844,
          24.81245183944702,
          28.46036672592163,
          29.220258235931396,
          29.333898067474365,
          33.041321754455566,
          34.765177726745605,
          35.886348724365234,
          36.50304317474365,
          36.90812683105469,
          37.24858570098877,
          37.708688735961914,
          38.094868659973145,
          38.25181293487549,
          38.32372570037842,
          38.30604839324951,
          38.89722537994385,
          39.178911209106445,
          39.571282386779785,
          39.63135051727295,
          39.60292720794678
        ],
        "acc": [
          0.03401692770421505,
          0.0337320975959301,
          0.035970053635537624,
          0.03157552145421505,
          0.033569336868822575,
          0.033284506760537624,
          0.03462727926671505,
          0.03381347795948386,
          0.031209310982376337,
          0.034423828125,
          0.03560384176671505,
          0.03332519577816129,
          0.033528647385537624,
          0.03157552145421505,
          0.034138998948037624,
          0.03255208441987634,
          0.0344645194709301,
          0.03181966207921505,
          0.034627280198037624,
          0.032796225510537624,
          0.03356933780014515
        ]
      },
      "L=128": {
        "step": [
          0,
          200,
          400,
          600,
          800,
          1000,
          1200,
          1400,
          1600,
          1800,
          2000,
          2200,
          2400,
          2600,
          2800,
          3000,
          3200,
          3400,
          3600,
          3800,
          4000
        ],