{
  "n_conversations": 8,
  "memory_lengths": [
    0,
    1,
    3,
    5
  ],
  "lambda": 1.5,
  "neighbors_per_centroid": 30,
  "summary": {
    "0": {
      "centroid_dist_mean": 3.2493712520313394,
      "centroid_dist_median": 3.2707084271416416,
      "pos_l1_mean": 0.35314189356051184,
      "boundary_size_mean": 21.0
    },
    "1": {
      "centroid_dist_mean": 3.1126286677296657,
      "centroid_dist_median": 3.2449765824169186,
      "pos_l1_mean": 0.3646859975098412,
      "boundary_size_mean": 51.0
    },
    "3": {
      "centroid_dist_mean": 3.2493712520313394,
      "centroid_dist_median": 3.2707084271416416,
      "pos_l1_mean": 0.35314189356051184,
      "boundary_size_mean": 51.0
    },
    "5": {
      "centroid_dist_mean": 3.2493712520313394,
      "centroid_dist_median": 3.2707084271416416,
      "pos_l1_mean": 0.35314189356051184,
      "boundary_size_mean": 50.75
    }
  },
  "per_conversation": [
    {
      "style": "formal_business",
      "final_q": "What should I do next?",
      "full_centroid": [
        -0.3020827222311441,
        0.07538396648473975,
        0.07878644742696436,
        0.27415788183682294,
        -0.05645689996198981,
        0.1408589437837519,
        0.3840009191542738,
        0.7087578540442397,
        0.1817369004421422,
        -0.14177877450731605,
        -0.09805459745611653,
        -0.18145227981645864,
        0.2580727685376682,
        0.07840218116390782,
        -0.19123695347481592,
        -0.2825823259901017
      ],
      "full_pos_profile": {
        "NOUN": 0.34,
        "VERB": 0.14,
        "ADJ": 0.08,
        "ADV": 0.04
      },
      "per_N": {
        "0": {
          "boundary_size": 21,
          "answer_text": "As Qwen, I'm here to assist you with any questions or concerns you may have. What would you like to know or discuss?",
          "answer_centroid_dist_to_conv": 3.0474799185547763,
          "answer_pos_l1_to_conv": 0.4218181818181818
        },
        "1": {
          "boundary_size": 51,
          "answer_text": "As Qwen, I'm here to assist you with any questions or concerns you may have. What would you like to know or discuss?",
          "answer_centroid_dist_to_conv": 3.0474799185547763,
          "answer_pos_l1_to_conv": 0.4218181818181818
        },
        "3": {
          "boundary_size": 51,
          "answer_text": "As Qwen, I'm here to assist you with any questions or concerns you may have. What would you like to know or discuss?",
          "answer_centroid_dist_to_conv": 3.0474799185547763,
          "answer_pos_l1_to_conv": 0.4218181818181818
        },
        "5": {
          "boundary_size": 51,
          "answer_text": "As Qwen, I'm here to assist you with any questions or concerns you may have. What would you like to know or discuss?",
          "answer_centroid_dist_to_conv": 3.0474799185547763,
          "answer_pos_l1_to_conv": 0.4218181818181818
        }
      }
    },
    {
      "style": "casual_chat",
      "final_q": "What should I do next?",
      "full_centroid": [
        -0.3013561810145961,
        -0.20042244266233608,
        0.006594169663528168,
        1.3245158700364525,
        -0.041122729589023146,
        -0.05010256940116693,
        0.03274489762092806,
        0.1453739306532126,
        0.20046648202692052,
        0.18306111837982458,
        0.07014849178586065,
        -1.0707799868276908,
        0.3231112477449229,
        -0.3459338808200963,
        -0.18160325214686449,
        -0.01838473999113018
      ],
      "full_pos_profile": {
        "NOUN": 0.28888888888888886,
        "VERB": 0.2,
        "ADJ": 0.044444444444444446,
        "ADV": 0.13333333333333333
      },
      "per_N": {
        "0": {
          "boundary_size": 21,
          "answer_text": "As Qwen, I'm here to assist you with any questions or concerns you may have. What would you like to know or discuss?",
          "answer_centroid_dist_to_conv": 3.601219070054797,
          "answer_pos_l1_to_conv": 0.35757575757575755
        },
        "1": {
          "boundary_size": 51,
          "answer_text": "As Qwen, I'm here to assist you with any questions or concerns you may have. What would you like to know or discuss?",
          "answer_centroid_dist_to_conv": 3.601219070054797,
          "answer_pos_l1_to_conv": 0.35757575757575755
        },
        "3": {
          "boundary_size": 51,
          "answer_text": "As Qwen, I'm here to assist you with any questions or concerns you may have. What would you like to know or discuss?",
          "answer_centroid_dist_to_conv": 3.601219070054797,
          "answer_pos_l1_to_conv": 0.35757575757575755
        },
        "5": {
          "boundary_size": 50,
          "answer_text": "As Qwen, I'm here to assist you with any questions or concerns you may have. What would you like to know or discuss?",
          "answer_centroid_dist_to_conv": 3.601219070054797,
          "answer_pos_l1_to_conv": 0.35757575757575755
        }
      }
    },
    {
      "style": "scientific",
      "final_q": "What should I do next?",
      "full_centroid": [
        -0.3841230358771112,
        0.1387029944115447,
        0.15080717481018105,
        0.5539086748765867,
        -0.05645689996198981,
        -0.05544397133148127,
        -0.03609020655673044,
        -0.06289761593853643,
        0.29761530849420537,
        -0.13673312903208218,
        -0.0895882256477229,
        -0.6399529595035679,
        -0.026000122837494706,
        0.31899711016595944,
        -0.21339468510950285,
        -0.03118454626211157
      ],
      "full_pos_profile": {
        "NOUN": 0.358974358974359,
        "VERB": 0.2564102564102564,
        "ADJ": 0.10256410256410256,
        "ADV": 0.07692307692307693
      },
      "per_N": {
        "0": {
          "boundary_size": 21,
          "answer_text": "As Qwen, I'm here to assist you with any questions or concerns you may have. What would you like to know or discuss?",
          "answer_centroid_dist_to_conv": 3.2034838695873256,
          "answer_pos_l1_to_conv": 0.372960372960373
        },
        "1": {
          "boundary_size": 51,
          "answer_text": "As Qwen, I'm here to assist you with any questions or concerns you may have. What would you like to know or discuss?",
          "answer_centroid_dist_to_conv": 3.2034838695873256,
          "answer_pos_l1_to_conv": 0.372960372960373
        },
        "3": {
          "boundary_size": 51,
          "answer_text": "As Qwen, I'm here to assist you with any questions or concerns you may have. What would you like to know or discuss?",
          "answer_centroid_dist_to_conv": 3.2034838695873256,
          "answer_pos_l1_to_conv": 0.372960372960373
        },
        "5": {
          "boundary_size": 51,
          "answer_text": "As Qwen, I'm here to assist you with any questions or concerns you may have. What would you like to know or discuss?",
          "answer_centroid_dist_to_conv": 3.2034838695873256,
          "answer_pos_l1_to_conv": 0.372960372960373
        }
      }
    },
    {
      "style": "poetic_literary",
      "final_q": "What should I do next?",
      "full_centroid": [
        -0.3919024338253802,
        0.06173871272205585,
        0.09803929345250476,
        0.4493723261517745,
        -0.05645689996198981,
        0.5979984927210499,
        1.0436731172923415,
        -0.06289761593853643,
        0.1695710257715229,
        -0.05222389217404803,
        -0.07671663180363822,
        -0.22375967802587962,
        0.04771640255304051,
        -0.00650690964734516,
        -0.16633932620930778,
        0.06378996635140777
      ],
      "full_pos_profile": {
        "NOUN": 0.3181818181818182,
        "VERB": 0.1590909090909091,
        "ADJ": 0.09090909090909091,
        "ADV": 0.09090909090909091
      },
      "per_N": {
        "0": {
          "boundary_size": 21,